Time (s),Altitude (m),Velocity (m/s)
0,0.05100010000833751,1.020335667167084,0.00299841134657114
0.1,0.2041339336504173,2.0426753413461887,0.006002722139916732
0.2,0.4596021024298479,3.0670230405974945,0.009012954621315676
0.30000000000000004,0.8176056102606781,4.093382795077705,0.012029131136201356
0.4,1.2783458646794774,5.12175864708865,0.015051274134828627
0.5,1.8420246780622886,6.152154651126136,0.01807940617294589
0.6,2.508844268846479,7.184574873929041,0.021113549912472288
0.7,3.279007262757512,8.219023394528657,0.024153728122180012
0.7999999999999999,4.152716694040667,9.255504304298281,0.027199963678381914
0.8999999999999999,5.130176006697726,10.294021707003056,0.030252279565624256
0.9999999999999999,6.211589055728669,11.334579718850067,0.03331069887738489
1.0999999999999999,7.3971601083783725,12.377182468538685,0.036375244816776675
1.2,8.687093845388377,13.421834097311166,0.0394459406972564
1.3,10.081595362253706,14.468538759003517,0.042522809943339075
1.4000000000000001,11.580870170484804,15.517300620096606,0.045605876091317825
1.5000000000000002,13.185124198874583,16.56812385976754,0.048695162789989234
1.6000000000000003,14.894563794770628,17.6210126699413,0.05179069380138436
1.7000000000000004,16.70939572535258,18.67597125534265,0.054892493001505456
1.8000000000000005,18.62982717891471,19.733003833548278,0.05800058438106822
1.9000000000000006,20.65606576615375,20.792114635039255,0.061114992046250094
2.0000000000000004,22.78831952146194,21.853307903253715,0.06423574021944409
2.1000000000000005,25.026796904225403,22.91658789463983,0.06736285324001873
2.2000000000000006,27.371706800127793,23.981958878709037,0.07049635556508378
2.3000000000000007,29.823258522459298,25.049425138089564,0.073636271770262
2.400000000000001,32.38166181343101,26.118990968580203,0.07678262655046693
2.500000000000001,35.04712684549468,27.190660679204374,0.07993544472068681
2.600000000000001,37.819864222667896,28.26443859226447,0.08309475121677466
2.700000000000001,40.700084981864705,29.340329043396462,0.0862605710962445
2.800000000000001,43.688000594231724,30.418336381624812,0.08943292953907393
2.9000000000000012,46.78382296648974,31.498464969417643,0.09261185184851295
3.0000000000000013,49.98776444228082,32.580719182742214,0.0957973634518993
3.1000000000000014,53.30003780352107,33.66510341112067,0.09898948990148018
3.2000000000000015,56.72085627175887,34.75162205768607,0.10218825687524043
3.3000000000000016,60.2504335095388,35.84027953923875,0.10539369017773736
3.4000000000000017,63.888983621771196,36.93108028630291,0.10860581574094232
3.5000000000000018,67.63672115710737,38.02402874318355,0.1118246596250887
3.600000000000002,71.49386110932059,39.119129368023685,0.11505024801952696
3.700000000000002,75.46061891869267,40.21638663286184,0.11828260724358641
3.800000000000002,79.5372104734065,41.315805023689855,0.12152176374744371
3.900000000000002,83.72385211094422,42.41738904051101,0.12476774411299875
4.000000000000002,88.0207606194913,43.52114319739844,0.1280205750547571
4.100000000000001,92.42815323934647,44.62707202255381,0.13128028342071982
4.200000000000001,96.94624766433752,45.735180058366396,0.13454689619328053
4.300000000000001,101.575262043243,46.84547186147237,0.13782044049012926
4.4,106.31541498121992,47.957952002814466,0.14110094356516426
4.5,111.16692554123738,49.07262506770193,0.1443884328094107
4.6,116.13001324551624,50.18949565587078,0.1476829357519469
4.699999999999999,121.20489807697483,51.3085683815444,0.15098448006083828
4.799999999999999,126.39180048068071,52.42984787349444,0.15429309354407866
4.899999999999999,131.6909413653086,53.553338775102034,0.1576088041505395
4.999999999999998,137.1025421046043,54.67904574441936,0.16093163997092655
5.099999999999998,142.62682453885506,55.8069734542315,0.16426162923874468
5.1999999999999975,148.2640109763658,56.937126592118645,0.16759880033127034
5.299999999999997,154.01432419494182,58.0695098605186,0.17094318177053208
5.399999999999997,159.87798744337775,59.20412797678967,0.1742948022242991
5.4999999999999964,165.85522444295265,60.34098567327383,0.1776536905070781
5.599999999999996,171.94625938893162,61.48008769736024,0.18101987558111812
5.699999999999996,178.1513169520737,62.62143881154913,0.1843933865574236
5.799999999999995,184.47062228014622,63.765043793516,0.1877742526967763
5.899999999999995,190.90440099944544,64.91090743617613,0.19116250341076513
5.999999999999995,197.45287921632388,66.0590345477495,0.1945581682628248
6.099999999999994,204.116283518724,67.209429951826,0.19796127696928295
6.199999999999994,210.8948409777185,68.362098487431,0.20137185940041635
6.299999999999994,217.7887791490571,69.5170450090913,0.20478994558151534
6.399999999999993,224.79832607472002,70.67427438690143,0.20821556569395758
6.499999999999993,231.92371028447818,71.83379150659022,0.21164875007629078
6.5999999999999925,239.1651607974598,72.99560126958784,0.21508952922532407
6.699999999999992,246.52290712372402,74.15970859309314,0.2185379337972291
6.799999999999992,253.9971792658411,75.32611841014139,0.22199399460865005
6.8999999999999915,261.58820772047955,76.49483566967231,0.2254577426378229
6.999999999999991,269.2962234799998,77.66586533659854,0.22892920902570443
7.099999999999991,277.1214580340552,78.83921239187445,0.23240842507711074
7.19999999999999,285.0641433711994,80.01488183256532,0.23589542226186483
7.29999999999999,293.12451198050104,81.19287867191689,0.23939023221595485
7.39999999999999,301.3027968531653,82.37320793942528,0.2428928867427012
7.499999999999989,309.59923148416243,83.55587468090738,0.24640341781393452
7.599999999999989,318.0140498738633,84.7408839585714,0.2499218575711827
7.699999999999989,326.5474865296822,85.92824085108809,0.2534482383268688
7.799999999999988,335.19977646772645,87.11795045366208,0.256982592565519
7.899999999999988,343.9711552144537,88.3100178781038,0.26052495294498046
7.999999999999988,352.8618588083358,89.50444825290172,0.2640753522976504
8.099999999999987,361.8721238015305,90.70124672329491,0.2676338236317149
8.199999999999987,371.0021872615599,91.90041845134617,0.27120040013239904
8.299999999999986,380.25228677299674,93.10196861601536,0.27477511516322733
8.399999999999986,389.6226604391576,94.30590241323328,0.27835800226729535
8.499999999999986,399.1135468838038,95.51222505597592,0.28194909516855204
8.599999999999985,408.7251852528496,96.72094177433902,0.2855484277730935
8.699999999999985,418.45781521607796,97.9320578156132,0.28915603417046765
8.799999999999985,428.3116769688639,99.14557844435937,0.29277194863499023
8.899999999999984,438.287011233905,100.36150894248459,0.2963962056270727
8.999999999999984,448.38405926296014,101.5798546093184,0.3000288397945613
9.099999999999984,458.6030628385955,102.80062076168952,0.30366988597408756
9.199999999999983,468.9442642759383,104.02381273400293,0.3073193791924314
9.299999999999983,479.4079064244382,105.2494358783175,0.3109773546678954
9.399999999999983,489.9942326696368,106.47749556442395,0.3146438478116917
9.499999999999982,500.7034869349446,107.70799717992323,0.3183188942293407
9.599999999999982,511.5359136834259,108.9409461303054,0.32200252972208193
9.699999999999982,522.4917579195919,110.17634783902896,0.3256947902882984
9.799999999999981,533.5712651912014,111.41420774760047,0.3293957121249517
9.89999999999998,544.7746815910695,112.65453131565482,0.33310533162903216
9.99999999999998,556.1022537588844,113.8973240210358,0.33682368539901925
10.09999999999998,567.554228883033,115.14259135987717,0.3405508102363573
10.19999999999998,579.1308547024331,116.39033884668417,0.3442867431469427
10.29999999999998,590.832379508375,117.6405720144155,0.3480315213426251
10.399999999999979,602.659052146371,118.89329641456573,0.35178518224272226
10.499999999999979,614.6111220180132,120.14851761724822,0.35554776347554756
10.599999999999978,626.6888390828395,121.40624121127844,0.35931930287995173
10.699999999999978,638.8924538602078,122.66647280425781,0.3630998385068786
10.799999999999978,651.2222174311788,123.92921802265798,0.3668894086209345
10.899999999999977,663.6783814404079,125.19448251190558,0.37068805170197183
10.999999999999977,676.2611980980439,126.46227193646749,0.374495806446687
11.099999999999977,688.9709201816382,127.73259197993654,0.37831271177023273
11.199999999999976,701.8078010380615,129.0054483451177,0.38213880680784496
11.299999999999976,714.7720945854287,130.28084675411483,0.38597413091648464
11.399999999999975,727.8640553150342,131.55879294841773,0.3898187236764939
11.499999999999975,741.0839382932941,132.83929268898993,0.3936726248932683
11.599999999999975,754.431999163698,134.1223517563568,0.39753587459894324
11.699999999999974,767.9084941487704,135.40797595069427,0.40140851305409625
11.799999999999974,781.5136800520389,136.69617109191788,0.40529058074946517
11.899999999999974,795.247814260014,137.9869430197726,0.4091821184076811
11.999999999999973,809.1111547441756,139.28029759392297,0.4130831669850186
12.099999999999973,823.1039600629697,140.57624069404366,0.4169937676731607
12.199999999999973,837.2264893638144,141.87477821991092,0.42091396190098074
12.299999999999972,851.4790023851142,143.17591609149414,0.42484379133634087
12.399999999999972,865.8617594582839,144.4796602490482,0.42878329788790687
12.499999999999972,880.3750215097822,145.7860166532062,0.4327325237069793
12.599999999999971,895.0190500631536,147.09499128507272,0.43669151118934285
12.69999999999997,909.7941072410807,148.4065901463179,0.44066030297713177
12.79999999999997,924.7004557674453,149.72081925927162,0.444638941960713
12.89999999999997,939.7383589693992,151.03768466701845,0.44862747128058694
12.99999999999997,954.9080807794442,152.35719243349322,0.4526259343293059
13.09999999999997,970.2098857375222,153.679348643577,0.45663437475341084
13.199999999999969,985.6440389931146,155.00415940319365,0.4606528364553854
13.299999999999969,1001.2108063073513,156.33163083940707,0.4646813635956291
13.399999999999968,1016.9104540551297,157.66176910051877,0.468720000594449
13.499999999999968,1032.743249227243,158.9945803561662,0.4727687921340696
13.599999999999968,1048.70945943252,160.3300707974216,0.47682778316066204
13.699999999999967,1064.8093528999711,161.66824663689133,0.48089701888639297
13.799999999999967,1081.0431984809497,163.00911410881596,0.48497654479149166
13.899999999999967,1097.4112656513184,164.35267946917077,0.48906640662633816
13.999999999999966,1113.9138245136282,165.6989489957669,0.49316665041357
14.099999999999966,1130.5511457993075,167.0479289883531,0.49727732245020967
14.199999999999966,1147.3235008708607,168.39962576871812,0.5013984693098127
14.299999999999965,1164.2311617240773,169.75404568079352,0.5055301378446352
14.399999999999965,1181.2744009902513,171.11119509075732,0.509672375187823
14.499999999999964,1198.4534919384114,172.47108038713807,0.5138252287556223
14.599999999999964,1215.768708477561,173.8337079809196,0.5179887462496096
14.699999999999964,1233.2203251589287,175.1990843056464,0.5221629756589451
14.799999999999963,1250.8086171782304,176.56721581752964,0.5263479652626474
14.899999999999963,1268.5338603779408,177.93810899555368,0.5305437636318889
14.999999999999963,1286.396331249576,179.31177034158335,0.5347504196323157
15.099999999999962,1304.3963069359872,180.68820638047188,0.5389679824263874
15.199999999999962,1322.534065233665,182.06742366016928,0.543196501475742
15.299999999999962,1340.8098845950542,183.44942875183156,0.547436026543582
15.399999999999961,1359.22404413088,184.83422824993048,0.5516866076970853
15.499999999999961,1377.7768236124853,186.22182877236398,0.555948295309838
15.59999999999996,1396.4685034741788,187.61223696056734,0.560221140064293
15.69999999999996,1415.2993648155941,189.00545947962485,0.5645051929542508
15.79999999999996,1434.2696894040605,190.40150301838224,0.5688005052873657
15.89999999999996,1453.3797596769846,191.80037428955978,0.5731071286876768
15.99999999999996,1472.6298587442434,193.20208002986607,0.5774251150981634
16.09999999999996,1492.0202703905888,194.60662700011238,0.5817545167833262
16.19999999999996,1511.5512790780642,196.01402198532787,0.5860953863317931
16.29999999999996,1531.2231699484314,197.4242717948753,0.5904477766589524
16.399999999999963,1551.03622882561,198.8373832625676,0.5948117410096107
16.499999999999964,1570.9907422181282,200.2533632467851,0.5991873329606779
16.599999999999966,1591.0869973215856,201.67221863059328,0.6035746064238793
16.699999999999967,1611.3252820211276,203.09395632186153,0.607973615648494
16.79999999999997,1631.7058848939316,204.51858325338236,0.6123844152241212
16.89999999999997,1652.2290952117055,205.94610638299156,0.6168070600834747
16.99999999999997,1672.8952029431978,207.37653269368886,0.6212416055052048
17.099999999999973,1693.7044987567203,208.80986919375945,0.6256881071167479
17.199999999999974,1714.657274022683,210.24612291689624,0.6301466208972073
17.299999999999976,1735.7538208161402,211.6853009223228,0.6346172031802608
17.399999999999977,1756.9944319193505,213.127410294917,0.6390999106570983
17.49999999999998,1778.3794008243483,214.57245814533562,0.6435948003793895
17.59999999999998,1799.9090217355276,216.02045161013945,0.6481019297622828
17.69999999999998,1821.5835895722391,217.47139785191928,0.652621356587432
17.799999999999983,1843.4033999713993,218.9253040594227,0.657153139006057
17.899999999999984,1865.3687492901122,220.38217744768158,0.6616973355420337
17.999999999999986,1887.4799346083053,221.84202525814038,0.6662540050950161
18.099999999999987,1909.737253731376,223.30485475878515,0.6708232069435911
18.19999999999999,1932.1410051928533,224.77067324427355,0.6754050007484647
18.29999999999999,1954.6914882570702,226.23948803606535,0.679999446555682
18.39999999999999,1977.389002921852,227.711306482554,0.6846066047998798
18.499999999999993,2000.233849921215,229.18613595919885,0.6892265363075732
18.599999999999994,2023.226330728081,230.6639838686583,0.693859302300476
18.699999999999996,2046.366747557002,232.14485764092365,0.6985049643988559
18.799999999999997,2069.6554033669026,233.62876473345375,0.7031635846249241
18.9,2093.092601863832,235.11571263131074,0.7078352254062613
19.0,2116.6786475037306,236.6057088472963,0.7125199495792782
19.1,2140.4138454952126,238.09876092208899,0.717217820392713
19.200000000000003,2164.298501802359,239.5948764243822,0.7219289015111652
19.300000000000004,2188.3329231475277,241.09406295102326,0.7266532570186678
19.400000000000006,2212.5174170141736,242.59632812715316,0.7313909514222945
19.500000000000007,2236.8522916496872,244.1016796063472,0.7361420496558073
19.60000000000001,2261.3378560682436,245.61012507075665,0.740906617083343
19.70000000000001,2285.974420053668,247.12167223125107,0.7456847195031358
19.80000000000001,2310.762294162314,248.63632882756167,0.7504764231512819
19.900000000000013,2335.701789725958,250.15410262842556,0.7552817947055448
20.000000000000014,2360.793218854706,251.67500143173086,0.7601009012891982
20.100000000000016,2386.0368944399174,253.19903306466273,0.7649338104749128
20.200000000000017,2411.4331301571397,254.72620538385024,0.7697805902886828
20.30000000000002,2436.982240469062,256.2565262755143,0.7746413092137963
20.40000000000002,2462.6845406284824,257.7900036556166,0.7795160361948454
20.50000000000002,2488.540346681287,259.326645470009,0.7844048406417841
20.600000000000023,2514.5499754694483,260.86645969458453,0.7893077924340252
20.700000000000024,2540.713744634037,262.40945433542885,0.7942249619245838
20.800000000000026,2567.0319726182483,263.95563742897286,0.7991564199442668
20.900000000000027,2593.5049786704435,265.50501704214633,0.804102237805905
21.00000000000003,2620.1330828472087,267.0576012725323,0.8090624873086336
21.10000000000003,2646.916606016427,268.61339824852257,0.8140372407422184
21.20000000000003,2673.855869860369,270.1724161294744,0.81902657089143
21.300000000000033,2700.9511968787933,271.7346631058678,0.8240305510404639
21.400000000000034,2728.202910392072,273.3001473994641,0.8290492549774114
21.500000000000036,2755.6113345443227,274.8688772634653,0.8340827569987795
21.600000000000037,2783.1767943065615,276.44086098267485,0.8391311319140573
21.70000000000004,2810.8996154798724,278.01610687365894,0.8441944550503385
21.80000000000004,2838.780124698591,279.59462328490923,0.8492728022569888
21.90000000000004,2866.8186494335046,281.1764185970064,0.8543662499103704
22.000000000000043,2895.0155179950702,282.7615012227848,0.859474874918615
22.100000000000044,2923.3710595366474,284.34987960749817,0.8645987547264523
22.200000000000045,2951.88560405775,285.9415622289865,0.8697379673200916
22.300000000000047,2980.559482407311,287.53655759784397,0.8748925912321576
22.40000000000005,3009.3930262869685,289.1348742575875,0.8800627055466823
22.50000000000005,3038.386568254365,290.73652078482735,0.8852483899041518
22.60000000000005,3067.5404417264663,292.34150578943775,0.890449724506611
22.700000000000053,3096.854980982895,293.9498379147294,0.8956667901228252
22.800000000000054,3126.330521169285,295.56152583762287,0.9008996680935005
22.900000000000055,3155.967398300649,297.1765782688228,0.9061484403365618
23.000000000000057,3185.7659492647676,298.795003952994,0.9114131893524937
23.10000000000006,3215.7265118255928,300.4168116689377,0.9166939982297384
23.20000000000006,3245.8494246266705,302.04201022976974,0.9219909506501582
23.30000000000006,3276.135027194582,303.67060848309956,0.9273041308945583
23.400000000000063,3306.5836599424015,305.30261531121056,0.9326336238482746
23.500000000000064,3337.1956641731726,306.93803963124134,0.9379795150068233
23.600000000000065,3367.971382083404,308.57689039536837,0.9433418904816172
23.700000000000067,3398.9111567665805,310.2191765909899,0.9487208370057477
23.800000000000068,3430.0153322166957,311.86490724091084,0.9541164419398329
23.90000000000007,3461.2842533318026,313.51409140352905,0.9595287932779336
24.00000000000007,3492.7182659175805,315.1667381730228,0.964957979653538
24.100000000000072,3524.317716690924,316.8228566795394,0.9704040903456149
24.200000000000074,3556.0829532835487,318.48245608938527,0.9758672152847399
24.300000000000075,3588.0143242456165,320.1455456052169,0.9813474450592903
24.400000000000077,3620.1121790493808,321.81213446623354,0.9868448709217135
24.500000000000078,3652.3768680928492,323.4822319483709,0.9923595847948699
24.60000000000008,3684.8087427034693,325.15584736449597,0.9978916792784489
24.70000000000008,3717.4081551418294,326.83299006460356,1.0034412476554602
24.800000000000082,3750.1754586053817,328.5136694360138,1.0090083838988038
24.900000000000084,3783.111007232185,330.1978949035711,1.0145931826779153
25.000000000000085,3816.215156104667,331.88567592984447,1.0201957393654908
25.100000000000087,3849.488261253408,333.577022015329,1.0258161500442928
25.200000000000088,3882.9306796609408,335.27194269864896,1.0314545115140348
25.30000000000009,3916.542769265577,336.97044755676194,1.0371109212983507
25.40000000000009,3950.324888965249,338.6725462051647,1.0427854776518453
25.500000000000092,3984.277398621374,340.37824829810006,1.0484782795672307
25.600000000000094,4018.400659062739,342.08756352876554,1.0541894267825471
25.700000000000095,4052.695032089409,343.80050162952307,1.0599190197884731
25.800000000000097,4087.1608804766497,345.51707237211025,1.0656671598357204
25.900000000000098,4121.798567978881,347.23728556785323,1.0714339489425213
26.0000000000001,4156.608459333641,348.9611510678806,1.0772194899022056
26.1000000000001,4191.590920265582,350.6886787633393,1.0830238862908694
26.200000000000102,4226.74631749048,352.4198785856112,1.088847242475137
26.300000000000104,4262.075018719269,354.154760506532,1.094689663620019
26.400000000000105,4297.5773926621005,355.8933345386112,1.100551255696865
26.500000000000107,4333.253809032419,357.63561073525347,1.106432125491415
26.600000000000108,4369.104638551063,359.3815991909817,1.1123323806119478
26.70000000000011,4405.130252950389,361.13131004166166,1.1182521294975334
26.80000000000011,4441.331024978417,362.88475346472785,1.1241914814263827
26.900000000000112,4477.7073284029975,364.64193967941134,1.1301505465243045
27.000000000000114,4514.259538016004,366.40287894696877,1.1361294357732648
27.100000000000115,4550.988029637545,368.1675815709132,1.142128261020054
27.200000000000117,4587.893180120206,369.93605789724654,1.1481471349850623
27.300000000000118,4624.975367353305,371.7083183146932,1.154186171271162
27.40000000000012,4662.234970267178,373.4843732549359,1.1602454843727061
27.50000000000012,4699.672368837488,375.2642331928528,1.1663251896846343
27.600000000000122,4737.287944089554,377.0479086467563,1.1724254035116974
27.700000000000124,4775.0820781027105,378.8354101786333,1.178546243077796
27.800000000000125,4813.055154014683,380.62674839438773,1.1846878265354397
27.900000000000126,4851.207556025992,382.421933944084,1.1908502729753223
28.000000000000128,4889.539669404385,384.2209775221927,1.1970337024360223
28.10000000000013,4928.051880489286,386.0238898678378,1.2032382359138247
28.20000000000013,4966.7445766962755,387.83068176504554,1.20946399537267
28.300000000000132,5005.6181465215905,389.6413640429951,1.2157111037542279
28.400000000000134,5044.672979546655,391.4559475762711,1.221979684988103
28.500000000000135,5083.909466442633,393.27444328511774,1.2282698640021696
28.600000000000136,5123.327998975005,395.0968621356947,1.2345817667330412
28.700000000000138,5162.928970008176,396.9232151403352,1.2409155201366735
28.80000000000014,5202.712773510102,398.75351335780505,1.247271252199107
28.90000000000014,5242.6798045569485,400.58776789356466,1.2536490919473475
29.000000000000142,5282.830459337773,402.425989900032,1.2600491694603884
29.100000000000144,5323.1651351592345,404.2681905768476,1.2664716158803757
29.200000000000145,5363.684230450326,406.1143811711417,1.272916563423923
29.300000000000146,5404.388144767142,407.9645729778032,1.2793841453935701
29.400000000000148,5445.277278797663,409.8187773397501,1.2858744961893946
29.50000000000015,5486.352034366575,411.67700564820274,1.2923877513207767
29.60000000000015,5527.612814440113,413.5392693429578,1.2989240474183175
29.700000000000152,5569.06002313093,415.4055799126655,1.305483522245918
29.800000000000153,5610.694065703001,417.27594889510766,1.3120663147130163
29.900000000000155,5652.515348576546,419.1503878774786,1.3186725648869881
30.000000000000156,5694.524279332987,421.0289084966675,1.3253024140057121
30.100000000000158,5736.721266719932,422.91152243954315,1.3319560044903056
30.20000000000016,5779.106720656186,424.79824144324044,1.3386334799580286
30.30000000000016,5821.681052236793,426.689077295449,1.3453349852353618
30.400000000000162,5864.444673738107,428.5840418347041,1.3520606663712618
30.500000000000163,5907.397998622887,430.4831469506795,1.358810670650595
30.600000000000165,5950.541441545432,432.38640458448214,1.3655851466077524
30.700000000000166,5993.8754183567335,434.29382672894957,1.372384244040452
30.800000000000168,6037.400346109667,436.205425428949,1.379208114023725
30.90000000000017,6081.116643064208,438.12121278167876,1.3860569089240966
31.00000000000017,6125.0247286926815,440.04120093697185,1.3929307824139603
31.100000000000172,6169.12502368504,441.9654020976018,1.399829889486146
31.200000000000173,6213.417949954173,443.89382851959056,1.4067543864686947
31.300000000000175,6257.903930641249,445.8264925125189,1.4137044310398303
31.400000000000176,6302.583390121082,447.7634064398389,1.4206801822431439
31.500000000000178,6347.456754007541,449.70458271918864,1.427681800502984
31.60000000000018,6392.524449158982,451.65003382270953,1.4347094476400664
31.70000000000018,6437.786903683711,453.59977227736556,1.4417632868872938
31.800000000000182,6483.244546945486,455.55381066526513,1.448843482905805
31.900000000000183,6528.897809569047,457.5121616239852,1.4559502018012422
32.000000000000185,6574.747123445678,459.47483784689786,1.4630836111402503
32.100000000000186,6620.792921738805,461.4418520834991,1.4702438799672084
32.20000000000019,6667.035638889621,463.41321713974037,1.4774311788211953
32.30000000000019,6713.475710622753,465.3889458783623,1.4846456797531993
32.40000000000019,6760.113573951955,467.3690512192309,1.491887556343568
32.50000000000019,6806.949667185838,469.3535461396766,1.4991569837197092
32.60000000000019,6853.984429933633,471.3424436748352,1.506454138574044
32.700000000000195,6901.21830311099,473.33575691799183,1.5137791991822167
32.800000000000196,6948.651728945809,475.3334990209275,1.5211323454215648
32.9000000000002,6996.285150984107,477.33568319426774,1.5285137587898583
33.0000000000002,7044.119014095921,479.34232270783446,1.5359236224243047
33.1000000000002,7092.153764481244,481.353430891,1.5433621211208333
33.2000000000002,7140.389849676,483.36902113304416,1.5508294413536556
33.3000000000002,7188.82771855805,485.3891068835135,1.5583257712951153
33.400000000000205,7237.467821353238,487.4137016525836,1.5658513008358206
33.500000000000206,7286.310609641473,489.4428190114243,1.573406221605078
33.60000000000021,7335.356536362847,491.4764725925671,1.5809907269916221
33.70000000000021,7384.606055823786,493.5146760902758,1.588605012164651
33.80000000000021,7434.059623703247,495.5574432609198,1.5962492740951733
33.90000000000021,7483.717697058943,497.60478792335005,1.6039237115776686
34.00000000000021,7533.580734333612,499.6567239592782,1.6116285252520703
34.100000000000215,7583.649195361325,501.7132653136584,1.6193639176260772
34.200000000000216,7633.923541373822,503.7744259950719,1.6271300930977952
34.30000000000022,7684.404235006904,505.840220076115,1.634927257978719
34.40000000000022,7735.091740306843,507.9106616937894,1.6427556205170586
34.50000000000022,7785.986522736853,509.985765049896,1.6506153909214163
34.60000000000022,7837.08904918358,512.0655444114315,1.6585067813848215
34.70000000000022,7888.399787963648,514.1500141109879,1.6664300061091288
34.800000000000225,7939.919208830239,516.2391885471554,1.674385281329786
34.900000000000226,7991.647782979707,518.3330821849285,1.6823728253409789
35.00000000000023,8043.585983058245,520.4317095561142,1.6903928585211612
35.10000000000023,8095.734283168584,522.535085259745,1.698445603358974
35.20000000000023,8148.093158876736,524.6432239624934,1.7065312844795624
35.30000000000023,8200.663087218782,526.756140399091,1.7146501286712992
35.40000000000023,8253.444546707693,528.8738493727499,1.722802364912918
35.500000000000234,8306.438017340208,530.9963657555878,1.730988224401072
35.600000000000236,8359.643980603736,533.1237044890564,1.7392079405783125
35.70000000000024,8413.062919483318,535.255880584373,1.7474617491615125
35.80000000000024,8466.695318468623,537.3929091229554,1.7557498881707263
35.90000000000024,8520.541663560989,539.5348052568606,1.7640725979585061
36.00000000000024,8574.602442280511,541.6815842092262,1.772430121239676
36.10000000000024,8628.878143673172,543.8332612747163,1.7808227031215798
36.200000000000244,8683.369258318013,545.9898518199695,1.7892505911348004
36.300000000000246,8738.076278334358,548.1513712840522,1.7977140352643726
36.40000000000025,8792.99969738908,550.3178351789134,1.806213287981487
36.50000000000025,8848.140010703906,552.489259089845,1.8147486042757035
36.60000000000025,8903.497715062784,554.6656586759445,1.8233202416876781
36.70000000000025,8959.073308819276,556.8470496705822,1.8319284603424149
36.80000000000025,9014.867291904016,559.033447881871,1.8405735229830538
36.900000000000254,9070.88016583221,561.2248691931408,1.8492556950052026
37.000000000000256,9127.112433711172,563.4213295634166,1.8579752444918258
37.10000000000026,9183.564600247928,565.6228450279006,1.8667324422487015
37.20000000000026,9240.237171756848,567.8294316984567,1.8755275618404517
37.30000000000026,9297.130656167346,570.0411057641012,1.884360879627167
37.40000000000026,9354.245563031618,572.2578834914955,1.8932326748016257
37.50000000000026,9411.582403532422,574.4797812254433,1.9021432294271299
37.600000000000264,9469.14169049093,576.7068153893925,1.9110928284759636
37.700000000000266,9526.92393837461,578.9390024859401,1.9200817598684856
37.80000000000027,9584.929663305169,581.1763590973417,1.929110314512874
37.90000000000027,9643.159383066542,583.418901886025,1.9381787863455302
38.00000000000027,9701.61361711294,585.6666475951074,1.9472874723721594
38.10000000000027,9760.29288657694,587.9196130489182,1.9564366727095377
38.20000000000027,9819.197714277636,590.1778151535243,1.9656266906279825
38.300000000000274,9878.328624728834,592.4412708972606,1.9748578325945396
38.400000000000276,9937.686144147314,594.7099973512645,1.9841304083168958
38.50000000000028,9997.270800461129,596.9840116700155,1.9934447307880454
38.60000000000028,10057.08312331797,599.2633310918778,2.0028011163317077
38.70000000000028,10117.123644093585,601.5479729396487,2.012199884648528
38.80000000000028,10177.392895900239,603.8379546211105,2.0216413588630635
38.90000000000028,10237.891413595255,606.1332936295875,2.03112586557158
39.000000000000284,10298.619733789585,608.4340075445075,2.0406537348906775
39.100000000000286,10359.578394856453,610.7401140319678,2.050225300506744
39.20000000000029,10420.767936940052,613.0516308453055,2.0598408997262827
39.30000000000029,10482.188901964293,615.3685758256732,2.0695008735271045
39.40000000000029,10543.841833641616,617.6909669026195,2.0792055666104217
39.50000000000029,10605.727277481863,620.0188220946727,2.088955327453848
39.60000000000029,10667.845780801199,622.352159509932,2.098750508365339
39.700000000000294,10730.197892731105,624.690997346661,2.1085914655380775
39.800000000000296,10792.78416422742,627.0353538938881,2.1184785591063324
39.9000000000003,10855.60514807945,629.3852475320108,2.1284121532023126
40.0000000000003,10918.661398919136,631.7406967334051,2.1383926160140296
40.1000000000003,10981.953473230276,634.1017200630406,2.148420319844198
40.2000000000003,11045.481929357828,636.4683361791001,2.158495641170191
40.3000000000003,11109.247327517247,638.840563833605,2.1686189607050776
40.400000000000304,11173.250229803914,641.2184218730451,2.1787906634597602
40.500000000000306,11237.491200202607,643.601929239015,2.189011138806238
40.60000000000031,11301.970804597046,645.9911049688542,2.1992807805420242
40.70000000000031,11366.689610779496,648.385968196294,2.2095999869557343
40.80000000000031,11431.648188460447,650.7865381521092,2.219969160893881
40.90000000000031,11496.847109278344,653.1928341647756,2.2303887098288926
41.00000000000031,11562.286946809389,655.6048756611327,2.2408590459283833
41.100000000000314,11627.968276577418,658.0226821670525,2.2513805861257152
41.200000000000315,11693.891676063831,660.4462733081137,2.261953752191858
41.30000000000032,11760.057724717602,662.8756688102817,2.272578970808597
41.40000000000032,11826.46700396535,665.3108885005942,2.283256673643106
41.50000000000032,11893.120097221477,667.7519523078533,2.2939872974239224
41.60000000000032,11960.017589898385,670.198880263323,2.304771284018347
41.70000000000032,12027.160069416754,672.6516925014323,2.3156090805113148
41.800000000000324,12094.548125215892,675.1104092604858,2.3265011392857557
41.900000000000325,12162.182348764165,677.5750508833785,2.3374479181044863
42.00000000000033,12230.063333569487,680.0456378183183,2.3484498801936686
42.10000000000033,12298.19167518989,682.5221906195541,2.3595074943278656
42.20000000000033,12366.56797124416,685.0047299481101,2.370621234916734
42.30000000000033,12435.192821422557,687.4932765725271,2.3817915820933924
42.40000000000033,12504.066827497603,689.987851369609,2.3930190218045007
42.500000000000334,12573.190593334943,692.4884753251773,2.404304045902093
42.600000000000335,12642.564724904287,694.9951695348313,2.415647152237203
42.70000000000034,12712.189830290428,697.507955204715,2.4270488447553222
42.80000000000034,12782.06651970433,700.0268536522907,2.43850963359374
42.90000000000034,12852.195405494305,702.5518863071197,2.4500300351808
43.00000000000034,12922.577102157255,705.0830747116498,2.4616105723371264
43.10000000000034,12993.212226350004,707.6204405220093,2.473251774378865
43.200000000000344,13064.10139690071,710.1640055088081,2.484954177222979
43.300000000000345,13135.24523482035,712.7137915579467,2.4967183234946613
43.40000000000035,13206.644363314283,715.269820671431,2.5085447626369057
43.50000000000035,13278.299407793915,717.8321149681955,2.520434051022286
43.60000000000035,13350.210995888423,720.4006966849328,2.532386752067007
43.70000000000035,13422.379757456578,722.9755881769318,2.544403436347274
43.80000000000035,13494.806324598643,725.5568119189215,2.5564846817180316
43.900000000000354,13567.491331668361,728.1443905059247,2.56863107343415
44.000000000000355,13640.435415285032,730.7383466541165,2.5808432042740947
44.10000000000036,13713.639214345661,733.3387032016933,2.5931216746661545
44.20000000000036,13787.103370037215,735.9454831097474,2.6054670928172894
44.30000000000036,13860.82852584895,738.5587094631511,2.6178800748446585
44.40000000000036,13934.815327584834,741.1784054714471,2.6303612449099
44.50000000000036,14009.064423376063,743.8045944697488,2.6429112353562294
44.600000000000364,14083.57646369366,746.4372999196472,2.6555306868484188
44.700000000000365,14158.352101361168,749.0765454101265,2.6682202485157513
44.80000000000037,14233.391991567436,751.7223546584885,2.680980578097996
44.90000000000037,14308.6967918795,754.3747515112846,2.6938123420945077
45.00000000000037,14384.26716225555,757.0337599452569,2.706716215916512
45.10000000000037,14460.103765058002,759.6994040682874,2.719692884042662
45.20000000000037,14536.207265066656,762.3717081203564,2.73274304017796
45.300000000000374,14612.578329491957,765.0506964745091,2.7458673874161166
45.400000000000375,14689.217627988342,767.7363936378314,2.7590666384054416
45.50000000000038,14766.125832667709,770.4288242524347,2.7723415155183644
45.60000000000038,14843.303618112952,773.1280130964494,2.785692751024666
45.70000000000038,14920.751661391625,775.8339850850283,2.7991210872685373
45.80000000000038,14998.47064206969,778.546765271358,2.8126272768495397
45.90000000000038,15076.461242225369,781.2663788476813,2.826212082807597
46.000000000000384,15154.724146463106,783.9928511463274,2.8398762788121084
46.100000000000385,15233.260041927628,786.7262076407533,2.853620649355295
46.20000000000039,15312.069618318104,789.4664739465932,2.8674459899499016
46.30000000000039,15391.153567902422,792.213675822719,2.8813531073313543
46.40000000000039,15470.512585531562,794.9678391723103,2.895342819664515
46.50000000000039,15550.147368654081,797.7289900439341,2.9094159567551343
46.60000000000039,15630.058617330713,800.4971546326351,2.923573360266154
46.700000000000394,15710.24703424906,803.2723592810358,2.937815883938967
46.800000000000395,15790.713324738414,806.0546304804474,2.9521443938197933
46.9000000000004,15871.458196784677,808.8439948719904,2.9665597684912934
47.0000000000004,15952.482361045406,811.6404792477271,2.9810628993095847
47.1000000000004,16033.786530864954,814.4441105518033,2.9956546906467842
47.2000000000004,16115.371422289743,817.2549158816021,3.010336060139261
47.3000000000004,16197.237754083642,820.0729224889075,3.0251079389417295
47.400000000000404,16279.386247743469,822.8981577810802,3.0399712719873797
47.500000000000405,16361.817627514605,825.7306493222437,3.054927018254179
47.600000000000406,16444.53262040673,828.5704248344827,3.0699761510375505
47.70000000000041,16527.53195620969,831.4175121990514,3.085119658229601
47.80000000000041,16610.81636750945,834.2719394575955,3.1003585426050693
47.90000000000041,16694.386589704223,837.1337348133837,3.115693822114215
48.00000000000041,16778.24336102068,840.002926632553,3.1311265301828337
48.10000000000041,16862.387422530293,842.8795434453647,3.146657716019601
48.200000000000415,16946.81951816583,845.763613947473,3.1622884449309745
48.300000000000416,17031.540394737942,848.6551670012063,3.178019798643857
48.40000000000042,17116.5508019519,851.55423163686,3.1938528756362663
48.50000000000042,17201.85149242446,854.4608370540026,3.209788791476232
48.60000000000042,17287.44322170085,857.3750126227942,3.2258286791691844
48.70000000000042,17373.326748271902,860.2967878853182,3.2419736895140594
48.80000000000042,17459.50283359131,863.2261925569254,3.258224991468418
48.900000000000425,17545.972242093012,866.1632565275919,3.2745837725228117
49.000000000000426,17632.735741208748,869.1080098632898,3.291051239084712
49.10000000000043,17719.7941013857,872.0604828073721,3.3076286168722633
49.20000000000043,17807.148096104323,875.02070578197,3.324317151318179
49.30000000000043,17894.79850189627,877.9887093894058,3.3411181079840855
49.40000000000043,17982.74609836251,880.9645244136178,3.358032772985638
49.50000000000043,18070.99166819153,883.9481818216008,3.3750624534287352
49.600000000000435,18159.535997177747,886.9397127648601,3.3922084778571953
49.700000000000436,18248.379874240003,889.9391485808807,3.4094721967122306
49.80000000000044,18337.524091440253,892.94652079461,3.426854982804109
49.90000000000044,18426.96944400238,895.9618611199567,3.444358231796381
50.00000000000044,18516.716730331176,898.9852014613034,3.4619833627030685
50.10000000000044,18606.766752031454,902.0165739150355,3.4797318183992396
50.20000000000044,18697.120313927324,905.0560107710844,3.497605066145384
50.300000000000445,18787.77822408164,908.1035445144875,3.51560459812605
50.400000000000446,18878.741293815583,911.1592078269624,3.533731932003195
50.50000000000045,18970.010337728392,914.2230335884987,3.551988611484729
50.60000000000045,19061.5861737173,917.295054878964,3.5703762069087577
50.70000000000045,19153.46962299758,920.3753049797286,3.5888963158440346
50.80000000000045,19245.66151012279,923.4638173753043,3.607550563707156
50.90000000000045,19338.16266300516,926.5606257550015,3.626340604397067
51.000000000000455,19430.973912936166,929.6657640146027,3.6452681209474456
51.100000000000456,19524.096094607252,932.779266258053,3.6643348261975714
51.20000000000046,19617.530046130738,935.9011667991684,3.683542463482309
51.30000000000046,19711.276609060893,939.0315001633611,3.70289280734184
51.40000000000046,19805.336628415174,942.1703010893829,3.722387664251837
51.50000000000046,19899.71095269566,945.3176045310865,3.7420288733747675
51.60000000000046,19994.400433910636,948.4734456592053,3.761818307333067
51.700000000000465,20089.40592759639,951.6378598631507,3.7817578730049277
51.800000000000466,20184.728292839147,954.8108827528296,3.801849512343513
51.90000000000047,20280.36839229724,957.9925501604794,3.822095203220398
52.00000000000047,20376.32709222341,961.1828981425228,3.842496960294099
52.10000000000047,20472.605262487326,964.381962981442,3.863056835904597
52.20000000000047,20569.20377659829,967.5897811876723,3.8837769209947526
52.30000000000047,20666.123511728125,970.8063895015155,3.904659346059609
52.400000000000475,20763.36534873426,974.0318248950738,3.9257062821245685
52.500000000000476,20860.930172182998,977.2661245742039,3.946919941753492
52.60000000000048,20958.81887037301,980.5093259804917,3.968302580087835
52.70000000000048,21057.03233535898,983.7614667932476,3.989856495917924
52.80000000000048,21155.571462975506,987.0225849315236,4.011584032787593
52.90000000000048,21254.437152861155,990.2927185561514,4.033487580133398
53.00000000000048,21353.63030848276,993.571906071802,4.055569574459716
53.100000000000485,21453.15183715989,996.8601861290681,4.07783250055106
53.200000000000486,21553.002650089566,1000.1575976265677,4.100278892723034
53.30000000000049,21653.183662371153,1003.4641797130714,4.122911336113383
53.40000000000049,21753.695793031497,1006.7799717896513,4.145732468014685
53.50000000000049,21854.539965050248,1010.1050135118542,4.168744979250275
53.60000000000049,21955.717105385436,1013.4393447918974,4.191951615595078
53.70000000000049,22057.22814499923,1016.7830058008886,4.215355179243104
53.800000000000495,22159.07401888395,1020.1360369710701,4.238958530323436
53.900000000000496,22261.255666088302,1023.4984789980866,4.262764588466614
54.0000000000005,22363.774029743803,1026.8703728432786,4.2867763344234096
54.1000000000005,22466.6300570915,1030.251759736,4.31099681173811
54.2000000000005,22569.824699508867,1033.6426811759613,4.335429128478463
54.3000000000005,22673.358912536965,1037.0431789355994,4.360076459024612
54.4000000000005,22777.23365590784,1040.4532950624716,4.3849420459193835
54.500000000000504,22881.449893572146,1043.8730718816773,4.410029201782464
54.600000000000506,22986.00859372703,1047.3025519983062,4.435341311291096
54.70000000000051,23090.910728844246,1050.7417782999128,4.460881833230042
54.80000000000051,23196.157275698533,1054.1907939590194,4.486654302613707
54.90000000000051,23301.749215396234,1057.6496424356462,4.512662332883473
55.00000000000051,23407.687533404176,1061.1183674798694,4.538909618183391
55.10000000000051,23513.97321957881,1064.5970131344086,4.565399935717598
55.200000000000514,23620.60726819559,1068.0856237372423,4.592137148192946
55.300000000000516,23727.590677978646,1071.5842439242529,4.619125206350518
55.40000000000052,23834.924452130705,1075.0929186319015,4.6463681515899005
55.50000000000052,23942.60959836328,1078.6116930999335,4.673870118690262
55.60000000000052,24050.647128927136,1082.1406128741128,4.701635338632501
55.70000000000052,24159.038060643026,1085.679723808989,4.729668141526954
55.80000000000052,24267.783414932725,1089.2290720706942,4.757972959651358
55.900000000000524,24376.884217850304,1092.7887041397735,4.786554330604041
56.000000000000526,24486.34150011374,1096.3586668140456,4.815416900577553
56.10000000000053,24596.15629713677,1099.939007211497,4.844565427758226
56.20000000000053,24706.329649061063,1103.52977277321,4.874004785857441
56.30000000000053,24816.86260078867,1107.1310112663227,4.903739967780717
56.40000000000053,24927.756202014785,1110.7427707870243,4.933776089441011
56.50000000000053,25039.011507260802,1114.3650997635839,4.96411839372303
56.600000000000534,25150.629575907675,1117.998046959415,4.99477225460566
56.700000000000536,25262.611472229575,1121.6416614761752,5.025743181450075
56.80000000000054,25374.958265427897,1125.2959927569013,5.057036823461458
56.90000000000054,25487.671029665526,1128.9610905891818,5.088658974332727
57.00000000000054,25600.750844101476,1132.6370051083652,5.120615577079143
57.10000000000054,25714.198792925818,1136.3237868008068,5.152912729073159
57.20000000000054,25828.015965394938,1140.0214865071525,5.1855566872894086
57.300000000000544,25942.20345586715,1143.7301554256621,5.2185538737703405
57.400000000000546,26056.76236383861,1147.4498451155705,5.251910881323535
57.50000000000055,26171.693793979586,1151.18060750049,5.285634479462479
57.60000000000055,26286.998856171074,1154.9224948718509,5.319731620603189
57.70000000000055,26402.67866554174,1158.6755598923844,5.354209446529863
57.80000000000055,26518.73434250525,1162.4398555996465,5.389075295143512
57.90000000000055,26635.167012797898,1166.2154354095828,5.424336707508354
58.000000000000554,26751.97780751665,1170.0023531201366,5.460001435211671
58.100000000000556,26869.167863157523,1173.8006629149008,5.496077448053798
58.20000000000056,26986.738321654324,1177.610419366812,5.5325729420859
58.30000000000056,27104.690330417776,1181.4316774418899,5.569496348014382
58.40000000000056,27223.025042375015,1185.2644925030213,5.6068563399918645
58.50000000000056,27341.743616009473,1189.1089203137906,5.644661844815996
58.60000000000056,27460.847215401132,1192.9650170423554,5.682922051558695
58.700000000000564,27580.337010267187,1196.8328392653696,5.72164642164991
58.800000000000566,27700.214176003083,1200.7124439719546,5.760844699441508
58.90000000000057,27820.47989372397,1204.6038885677183,5.800526923278626
59.00000000000057,27941.135350306547,1208.5072308788233,5.840703437107638
59.10000000000057,28062.181738431344,1212.422529156105,5.8813849026517735
59.20000000000057,28183.620256625363,1216.3498420792398,5.922582312187625
59.30000000000057,28305.452109305203,1220.2892287609661,5.96430700195795
59.400000000000574,28427.678506820565,1224.2407487513547,6.006570666258675
59.500000000000576,28550.300665498202,1228.2044620421343,6.049385372240595
59.60000000000058,28673.319807686305,1232.1804290710702,6.092763575469129
59.70000000000058,28796.73716179933,1236.1687107263956,6.1367181362885646
59.80000000000058,28920.553962363265,1240.169368351301,6.181262337040486
59.90000000000058,29044.771450061355,1243.3491304151437,6.222239551331756
60.00000000000058,29169.05732985287,1242.3684654151436,6.242762710218642
60.100000000000584,29293.245143144384,1241.3878004151436,6.26353968386454
60.200000000000585,29417.334889935897,1240.4071354151436,6.284575540783067
60.30000000000059,29541.32657022741,1239.4264704151435,6.305875491229314
60.40000000000059,29665.220184018926,1238.4458054151435,6.327444892324725
60.50000000000059,29789.01573131044,1237.4651404151434,6.349289253410056
60.60000000000059,29912.713212101953,1236.4844754151434,6.371414241638468
60.70000000000059,30036.31262639347,1235.5038104151433,6.393825687821613
60.800000000000594,30159.81397418498,1234.5231454151433,6.416529592542329
60.900000000000595,30283.217255476495,1233.5424804151432,6.439532132548425
61.0000000000006,30406.52247026801,1232.5618154151432,6.462839667442964
61.1000000000006,30529.729618559522,1231.5811504151432,6.4864587466873855
61.2000000000006,30652.838700351036,1230.600485415143,6.510396116934963
61.3000000000006,30775.84971564255,1229.619820415143,6.534658729713086
61.4000000000006,30898.762664434067,1228.639155415143,6.559253749474182
61.500000000000604,31021.57754672558,1227.658490415143,6.584188562036348
61.600000000000605,31144.294362517096,1226.677825415143,6.609470783436167
61.70000000000061,31266.91311180861,1225.697160415143,6.63510826921769
61.80000000000061,31389.433794600125,1224.7164954151428,6.661109124183227
61.90000000000061,31511.85641089164,1223.7358304151428,6.687481712633277
62.00000000000061,31634.180960683156,1222.7551654151428,6.714234669124865
62.10000000000061,31756.40744397467,1221.7745004151427,6.741376909779585
62.200000000000614,31878.535860766184,1220.7938354151427,6.768917644174822
62.300000000000615,32000.5662110577,1219.8131704151426,6.796866387854017
62.40000000000062,32122.498494849213,1218.8325054151426,6.825232975494417
62.50000000000062,32244.332712140727,1217.8518404151425,6.854027574773527
62.60000000000062,32366.068862932243,1216.8711754151425,6.883260700978443
62.70000000000062,32487.706947223756,1215.8905104151424,6.912943232405601
62.80000000000062,32609.24696501527,1214.9098454151424,6.9430864266019245
62.900000000000624,32730.688916306786,1213.9291804151424,6.973701937502214
63.000000000000625,32852.0328010983,1212.9485154151423,7.004801833521822
63.10000000000063,32973.278619389814,1211.9678504151423,7.036398616668141
63.20000000000063,33094.426371181326,1210.9871854151422,7.068505242739374
63.30000000000063,33215.47605647284,1210.0065204151422,7.101135142684453
63.40000000000063,33336.42767526436,1209.0258554151421,7.134302245203725
63.50000000000063,33457.28122755587,1208.045190415142,7.168021000676551
63.600000000000634,33578.036713347385,1207.064525415142,7.202306406508745
63.700000000000635,33698.6941326389,1206.083860415142,7.23717403400053
63.80000000000064,33819.25348543041,1205.103195415142,7.272640056843922
63.90000000000064,33939.71477172193,1204.122530415142,7.308721281367593
64.00000000000064,34060.07799151344,1203.1418654151419,7.345435178657205
64.10000000000063,34180.34314480495,1202.1612004151418,7.382799918690203
64.20000000000063,34300.51023159647,1201.1805354151418,7.420834406636007
64.30000000000062,34420.57925188798,1200.1998704151417,7.459558321485775
64.40000000000062,34540.550205679494,1199.2192054151417,7.49899215719047
64.50000000000061,34660.42309297101,1198.2385404151416,7.539157266501887
64.6000000000006,34780.197913762524,1197.2578754151416,7.5800759077290145
64.7000000000006,34899.874668054035,1196.2772104151416,7.6217712946415475
64.8000000000006,35019.45335584555,1195.2965454151415,7.6642676497739295
64.90000000000059,35138.933977137065,1194.3158804151415,7.70759026140703
65.00000000000058,35258.316531928576,1193.3352154151414,7.751765544531156
65.10000000000058,35377.60102022009,1192.3545504151414,7.796821106123109
65.20000000000057,35496.787442011606,1191.3738854151413,7.842785815102773
65.30000000000057,35615.87579730312,1190.3932204151413,7.8896898773706985
65.40000000000056,35734.86608609463,1189.4125554151412,7.937564916368571
65.50000000000055,35853.75830838615,1188.4318904151412,7.98644405964922
65.60000000000055,35972.55246417766,1187.4512254151412,8.036362031993185
65.70000000000054,36091.24855346917,1186.470560415141,8.08735525566475
65.80000000000054,36209.84657626069,1185.489895415141,8.139461958463395
65.90000000000053,36328.3465325522,1184.509230415141,8.192722290296993
66.00000000000053,36446.74842234371,1183.528565415141,8.247178449082337
66.10000000000052,36565.05224563523,1182.547900415141,8.302874816867746
66.20000000000051,36683.25800242674,1181.5672354151409,8.35985810717296
66.30000000000051,36801.36569271825,1180.5865704151408,8.418177524655073
66.4000000000005,36919.375316509766,1179.6059054151408,8.477884938337533
66.5000000000005,37037.28687380128,1178.6252404151408,8.539035069784845
66.60000000000049,37155.10036459279,1177.6445754151407,8.601685697770675
66.70000000000049,37272.815788884305,1176.6639104151407,8.665897881174994
66.80000000000048,37390.433146675816,1175.6832454151406,8.731736202060162
66.90000000000047,37507.95243796733,1174.7025804151406,8.799269031120293
67.00000000000047,37625.373662758844,1173.7219154151405,8.868568817978458
67.10000000000046,37742.696821050355,1172.7412504151405,8.939712409127292
67.20000000000046,37859.92191284187,1171.7605854151404,9.012781396678001
67.30000000000045,37977.04893813338,1170.7799204151404,9.087862501508088
67.40000000000045,38094.0778969249,1169.7992554151404,9.165047994889905
67.50000000000044,38211.008789216416,1168.8185904151403,9.244436163251137
67.60000000000043,38327.84161500793,1167.8379254151403,9.326131821379413
67.70000000000043,38444.576374299446,1166.8572604151402,9.410246880152364
67.80000000000042,38561.21306709096,1165.8765954151402,9.496900975772801
67.90000000000042,38677.75169338247,1164.8959304151401,9.58622216853995
68.00000000000041,38794.19225317399,1163.91526541514,9.678347720422325
68.1000000000004,38910.534746465506,1162.93460041514,9.773424962152081
68.2000000000004,39026.77917325702,1161.95393541514,9.871612262278996
68.3000000000004,39142.925533548536,1160.97327041514,9.973080112659595
68.40000000000039,39258.97382734005,1159.99260541514,10.078012347280858
68.50000000000038,39374.92405463156,1159.0119404151399,10.186607514212515
68.60000000000038,39490.77621542308,1158.0312754151398,10.299080423951173
68.70000000000037,39606.530309714595,1157.0506104151398,10.415663901594623
68.80000000000037,39722.18633750611,1156.0699454151397,10.536610775329741
68.90000000000036,39837.744298797625,1155.0892804151397,10.662196139839704
69.00000000000036,39953.20419358914,1154.1086154151396,10.792719940700723
69.10000000000035,40068.56602188065,1153.1279504151396,10.928509934981136
69.20000000000034,40183.82978367217,1152.1472854151395,11.069925094510802
69.30000000000034,40298.99547896368,1151.1666204151395,11.217359532216278
69.40000000000033,40414.063107755195,1150.1859554151395,11.37124704924811
69.50000000000033,40529.03267004671,1149.2052904151394,11.532066422314836
69.60000000000032,40643.90416583823,1148.2246254151394,11.700347577950096
69.70000000000032,40758.67759512974,1147.2439604151393,11.876678835050683
69.80000000000031,40873.352957921255,1146.2632954151393,12.061715441190062
69.9000000000003,40987.93025421277,1145.2826304151392,12.256189684977288
70.0000000000003,41102.40948400428,1144.3019654151392,12.460922940255209
70.10000000000029,41216.7906472958,1143.3213004151391,12.676840093939047
70.20000000000029,41331.07374408731,1142.340635415139,12.904986935761709
70.30000000000028,41445.258774378824,1141.359970415139,13.146551256330508
70.40000000000028,41559.34573817034,1140.379305415139,13.40288862568116
70.50000000000027,41673.334635461855,1139.398640415139,13.675554130952595
70.60000000000026,41787.22546625337,1138.417975415139,13.966341772518705
70.70000000000026,41901.01823054488,1137.4373104151389,14.277333802714917
70.80000000000025,42014.7129283364,1136.4566454151388,14.610963115162953
70.90000000000025,42128.30955962791,1135.4759804151388,14.97009297037571
71.00000000000024,42241.808124419425,1134.4953154151387,15.35812005369123
71.10000000000024,42355.20862271094,1133.5146504151387,15.779109389092193
71.20000000000023,42468.51105450245,1132.5339854151387,16.23797343947826
71.30000000000022,42581.71541979397,1131.5533204151386,16.740713580338973
71.40000000000022,42694.82171858548,1130.5726554151386,17.29475135609414
71.50000000000021,42807.82995087699,1129.5919904151385,17.90939183600002
71.60000000000021,42920.74011666851,1128.6113254151385,18.59648620387879
71.7000000000002,43033.55221596002,1127.6306604151384,19.37140343211354
71.8000000000002,43146.26624875153,1126.6499954151384,20.25449727581382
71.90000000000019,43258.88221504305,1125.6693304151383,21.2733975827355
72.00000000000018,43371.40011483456,1124.6886654151383,22.46673588417806
72.10000000000018,43483.819948126074,1123.7080004151383,23.890503287788896
72.20000000000017,43596.14171491759,1122.7273354151382,25.629564661209496
72.30000000000017,43708.365415209104,1121.7466704151382,27.82013250562356
72.40000000000016,43820.491049000615,1120.7660054151381,30.69813404989565
72.50000000000016,43932.51861629213,1119.785340415138,34.71819024428619
72.60000000000015,44044.448117083644,1118.804675415138,40.90987132614363
72.70000000000014,44156.279551375155,1117.824010415138,52.35872829784382
72.80000000000014,44268.01291916667,1116.843345415138,87.22964072281663
72.90000000000013,44379.648220458184,1115.862680415138,55.6631730684625
73.00000000000013,44491.185455249695,1114.8820154151379,55.61425403337399
73.10000000000012,44602.62462354121,1113.9013504151378,55.56533499828548
73.20000000000012,44713.965725332724,1112.9206854151378,55.51641596319697
73.30000000000011,44825.208760624235,1111.9400204151377,55.46749692810846
73.4000000000001,44936.35372941575,1110.9593554151377,55.41857789301995
73.5000000000001,45047.40063170726,1109.9786904151376,55.36965885793144
73.6000000000001,45158.349467498774,1108.9980254151376,55.32073982284293
73.70000000000009,45269.20023679029,1108.0173604151375,55.27182078775442
73.80000000000008,45379.9529395818,1107.0366954151375,55.22290175266591
73.90000000000008,45490.60757587331,1106.0560304151375,55.1739827175774
74.00000000000007,45601.16414566483,1105.0753654151374,55.12506368248889
74.10000000000007,45711.62264895634,1104.0947004151374,55.07614464740039
74.20000000000006,45821.98308574785,1103.1140354151373,55.02722561231188
74.30000000000005,45932.24545603937,1102.1333704151373,54.97830657722337
74.40000000000005,46042.40975983088,1101.1527054151372,54.92938754213486
74.50000000000004,46152.47599712239,1100.1720404151372,54.88046850704635
74.60000000000004,46262.444167913905,1099.1913754151371,54.83154947195784
74.70000000000003,46372.31427220542,1098.210710415137,54.78263043686933
74.80000000000003,46482.08630999693,1097.230045415137,54.73371140178082
74.90000000000002,46591.76028128844,1096.249380415137,54.684792366692314
75.00000000000001,46701.336186079956,1095.268715415137,54.635873331603804
75.10000000000001,46810.814024371466,1094.288050415137,54.586954296515295
75.2,46920.19379616298,1093.3073854151369,54.538035261426785
75.3,47029.47550145449,1092.3267204151368,54.489116226338275
75.39999999999999,47138.65914024601,1091.3460554151368,54.440197191249766
75.49999999999999,47247.744712537526,1090.3653904151367,54.391278156161256
75.59999999999998,47356.73221832904,1089.3847254151367,54.34235912107275
75.69999999999997,47465.621657620555,1088.4040604151367,54.29344008598424
75.79999999999997,47574.41303041207,1087.4233954151366,54.24452105089573
75.89999999999996,47683.10633670358,1086.4427304151366,54.19560201580722
75.99999999999996,47791.7015764951,1085.4620654151365,54.14668298071871
76.09999999999995,47900.198749786614,1084.4814004151365,54.0977639456302
76.19999999999995,48008.597856578126,1083.5007354151364,54.04884491054169
76.29999999999994,48116.89889686964,1082.5200704151364,53.99992587545318
76.39999999999993,48225.10187066116,1081.5394054151363,53.95100684036467
76.49999999999993,48333.20677795267,1080.5587404151363,53.90208780527616
76.59999999999992,48441.21361874419,1079.5780754151363,53.85316877018765
76.69999999999992,48549.1223930357,1078.5974104151362,53.80424973509914
76.79999999999991,48656.93310082721,1077.6167454151362,53.75533070001063
76.8999999999999,48764.64574211873,1076.6360804151361,53.70641166492212
76.9999999999999,48872.260316910244,1075.655415415136,53.65749262983361
77.0999999999999,48979.776825201756,1074.674750415136,53.6085735947451
77.19999999999989,49087.19526699327,1073.694085415136,53.55965455965659
77.29999999999988,49194.51564228479,1072.713420415136,53.510735524568084
77.39999999999988,49301.7379510763,1071.732755415136,53.461816489479574
77.49999999999987,49408.862193367815,1070.7520904151359,53.41289745439107
77.59999999999987,49515.88836915933,1069.7714254151358,53.36397841930256
77.69999999999986,49622.81647845084,1068.7907604151358,53.31505938421405
77.79999999999986,49729.64652124236,1067.8100954151357,53.26614034912554
77.89999999999985,49836.37849753387,1066.8294304151357,53.21722131403703
77.99999999999984,49943.01240732538,1065.8487654151356,53.168302278948524
78.09999999999984,50049.5482506169,1064.8681004151356,53.119383243860014
78.19999999999983,50155.98602740841,1063.8874354151355,53.070464208771504
78.29999999999983,50262.325737699925,1062.9067704151355,53.021545173682995
78.39999999999982,50368.56738149144,1061.9261054151355,52.972626138594485
78.49999999999982,50474.710958782955,1060.9454404151354,52.923707103505976
78.59999999999981,50580.756469574466,1059.9647754151354,52.874788068417466
78.6999999999998,50686.70391386598,1058.9841104151353,52.82586903332896
78.7999999999998,50792.553291657496,1058.0034454151353,52.77694999824045
78.89999999999979,50898.30460294901,1057.0227804151352,52.72803096315194
78.99999999999979,51003.95784774052,1056.0421154151352,52.67911192806343
79.09999999999978,51109.51302603204,1055.0614504151351,52.63019289297492
79.19999999999978,51214.97013782355,1054.080785415135,52.58127385788641
79.29999999999977,51320.329183115064,1053.100120415135,52.5323548227979
79.39999999999976,51425.59016190658,1052.119455415135,52.48343578770939
79.49999999999976,51530.75307419809,1051.138790415135,52.43451675262088
79.59999999999975,51635.817919989604,1050.158125415135,52.38559771753237
79.69999999999975,51740.78469928112,1049.1774604151349,52.33667868244386
79.79999999999974,51845.65341207263,1048.1967954151348,52.28775964735535
79.89999999999974,51950.424058364144,1047.2161304151348,52.23884061226684
79.99999999999973,52055.09663815566,1046.2354654151347,52.18992157717833
80.09999999999972,52159.67115144717,1045.2548004151347,52.14100254208982
80.19999999999972,52264.147598238684,1044.2741354151347,52.09208350700131
80.29999999999971,52368.5259785302,1043.2934704151346,52.0431644719128
80.39999999999971,52472.80629232171,1042.3128054151346,51.99424543682429
80.4999999999997,52576.98853961322,1041.3321404151345,51.945326401735784
80.5999999999997,52681.072720404736,1040.3514754151345,51.896407366647274
80.69999999999969,52785.05883469625,1039.3708104151344,51.847488331558765
80.79999999999968,52888.94688248776,1038.3901454151344,51.798569296470255
80.89999999999968,52992.736863779275,1037.4094804151343,51.74965026138175
80.99999999999967,53096.428778570786,1036.4288154151343,51.70073122629324
81.09999999999967,53200.0226268623,1035.4481504151343,51.65181219120473
81.19999999999966,53303.518408653814,1034.4674854151342,51.602893156116224
81.29999999999966,53406.916123945324,1033.4868204151342,51.553974121027714
81.39999999999965,53510.21577273684,1032.5061554151341,51.505055085939205
81.49999999999964,53613.41735502835,1031.525490415134,51.456136050850695
81.59999999999964,53716.52087081986,1030.544825415134,51.407217015762185
81.69999999999963,53819.52632011138,1029.564160415134,51.358297980673676
81.79999999999963,53922.43370290289,1028.583495415134,51.309378945585166
81.89999999999962,54025.2430191944,1027.602830415134,51.26045991049666
81.99999999999962,54127.954268985915,1026.6221654151338,51.21154087540815
82.09999999999961,54230.56745227743,1025.6415004151338,51.16262184031964
82.1999999999996,54333.08256906894,1024.6608354151338,51.11370280523113
82.2999999999996,54435.49961936045,1023.6801704151337,51.06478377014262
82.3999999999996,54537.818603151965,1022.6995054151337,51.01586473505411
82.49999999999959,54640.039520443475,1021.7188404151336,50.9669456999656
82.59999999999958,54742.16237123499,1020.7381754151336,50.91802666487709
82.69999999999958,54844.1871555265,1019.7575104151335,50.86910762978858
82.79999999999957,54946.11387331801,1018.7768454151335,50.82018859470007
82.89999999999957,55047.94252460953,1017.7961804151334,50.77126955961156
82.99999999999956,55149.67310940104,1016.8155154151334,50.72235052452305
83.09999999999955,55251.30562769255,1015.8348504151334,50.67343148943454
83.19999999999955,55352.84007948406,1014.8541854151333,50.62451245434603
83.29999999999954,55454.276464775576,1013.8735204151333,50.57559341925752
83.39999999999954,55555.61478356709,1012.8928554151332,50.52667438416901
83.49999999999953,55656.85503585861,1011.9121904151332,50.4777553490805
83.59999999999953,55757.99722165012,1010.9315254151331,50.428836313991994
83.69999999999952,55859.041340941636,1009.9508604151331,50.379917278903484
83.79999999999951,55959.98739373315,1008.970195415133,50.330998243814975
83.89999999999951,56060.83538002466,1007.989530415133,50.282079208726465
83.9999999999995,56161.58529981618,1007.008865415133,50.233160173637955
84.0999999999995,56262.23715310769,1006.0282004151329,50.184241138549446
84.19999999999949,56362.790939899205,1005.0475354151329,50.13532210346094
84.29999999999949,56463.24666019072,1004.0668704151328,50.086403068372434
84.39999999999948,56563.604313982236,1003.0862054151328,50.037484033283924
84.49999999999947,56663.86390127375,1002.1055404151327,49.988564998195415
84.59999999999947,56764.025422065264,1001.1248754151327,49.939645963106905
84.69999999999946,56864.08887635678,1000.1442104151326,49.890726928018395
84.79999999999946,56964.05426414829,999.1635454151326,49.841807892929886
84.89999999999945,57063.921585439806,998.1828804151326,49.792888857841376
84.99999999999945,57163.69084023132,997.2022154151325,49.74396982275287
85.09999999999944,57263.36202852283,996.2215504151325,49.69505078766436
85.19999999999943,57362.93515031435,995.2408854151324,49.64613175257585
85.29999999999943,57462.41020560586,994.2602204151324,49.59721271748734
85.39999999999942,57561.78719439737,993.2795554151323,49.54829368239883
85.49999999999942,57661.06611668889,992.2988904151323,49.49937464731032
85.59999999999941,57760.2469724804,991.3182254151322,49.45045561222181
85.6999999999994,57859.329761771914,990.3375604151322,49.4015365771333
85.7999999999994,57958.31448456343,989.3568954151322,49.35261754204479
85.8999999999994,58057.201140854944,988.3762304151321,49.30369850695628
85.99999999999939,58155.989730646455,987.3955654151321,49.25477947186777
86.09999999999938,58254.68025393797,986.414900415132,49.20586043677926
86.19999999999938,58353.272710729485,985.434235415132,49.15694140169075
86.29999999999937,58451.767101020996,984.4535704151319,49.10802236660224
86.39999999999937,58550.16342481251,983.4729054151319,49.05910333151373
86.49999999999936,58648.461682104025,982.4922404151318,49.01018429642522
86.59999999999935,58746.66187289554,981.5115754151318,48.96126526133671
86.69999999999935,58844.76399718705,980.5309104151318,48.912346226248204
86.79999999999934,58942.768054978565,979.5502454151317,48.863427191159694
86.89999999999934,59040.674046270076,978.5695804151317,48.814508156071184
86.99999999999933,59138.48197106159,977.5889154151316,48.765589120982675
87.09999999999933,59236.191829353105,976.6082504151316,48.716670085894165
87.19999999999932,59333.803621144616,975.6275854151315,48.667751050805656
87.29999999999932,59431.31734643613,974.6469204151315,48.618832015717146
87.39999999999931,59528.733005227645,973.6662554151314,48.56991298062864
87.4999999999993,59626.050597519155,972.6855904151314,48.52099394554013
87.5999999999993,59723.27012331067,971.7049254151314,48.472074910451624
87.69999999999929,59820.391582602184,970.7242604151313,48.423155875363115
87.79999999999929,59917.414975393694,969.7435954151313,48.374236840274605
87.89999999999928,60014.34030168521,968.7629304151312,48.325317805186096
87.99999999999928,60111.16756147672,967.7822654151312,48.276398770097586
88.09999999999927,60207.89675476823,966.8016004151311,48.22747973500908
88.19999999999926,60304.52788155975,965.8209354151311,48.17856069992057
88.29999999999926,60401.06094185126,964.840270415131,48.12964166483206
88.39999999999925,60497.49593564277,963.859605415131,48.08072262974355
88.49999999999925,60593.83286293429,962.878940415131,48.03180359465504
88.59999999999924,60690.0717237258,961.8982754151309,47.98288455956653
88.69999999999924,60786.21251801731,960.9176104151309,47.93396552447802
88.79999999999923,60882.255245808825,959.9369454151308,47.88504648938951
88.89999999999922,60978.19990710034,958.9562804151308,47.836127454301
88.99999999999922,61074.04650189185,957.9756154151307,47.78720841921249
89.09999999999921,61169.79503018336,956.9949504151307,47.73828938412398
89.1999999999992,61265.445491974875,956.0142854151306,47.68937034903547
89.2999999999992,61360.997887266385,955.0336204151306,47.64045131394696
89.3999999999992,61456.4522160579,954.0529554151306,47.59153227885845
89.49999999999919,61551.80847834941,953.0722904151305,47.54261324376994
89.59999999999918,61647.06667414092,952.0916254151305,47.49369420868143
89.69999999999918,61742.22680343244,951.1109604151304,47.44477517359292
89.79999999999917,61837.28886622395,950.1302954151304,47.39585613850441
89.89999999999917,61932.25286251546,949.1496304151303,47.346937103415904
89.99999999999916,62027.118792306974,948.1689654151303,47.298018068327394
90.09999999999916,62121.886655598486,947.1883004151302,47.249099033238885
90.19999999999915,62216.556452389996,946.2076354151302,47.200179998150375
90.29999999999914,62311.12818268151,945.2269704151302,47.151260963061866
90.39999999999914,62405.60184647302,944.2463054151301,47.102341927973356
90.49999999999913,62499.97744376453,943.2656404151301,47.053422892884846
90.59999999999913,62594.25497455605,942.28497541513,47.00450385779634
90.69999999999912,62688.43443884756,941.30431041513,46.95558482270783
90.79999999999912,62782.51583663907,940.3236454151299,46.90666578761932
90.89999999999911,62876.49916793058,939.3429804151299,46.857746752530815
90.9999999999991,62970.384432722094,938.3623154151298,46.808827717442306
91.0999999999991,63064.1716310136,937.3816504151298,46.759908682353796
91.1999999999991,63157.86076280512,936.4009854151298,46.710989647265286
91.29999999999909,63251.45182809663,935.4203204151297,46.66207061217678
91.39999999999908,63344.944826888146,934.4396554151297,46.61315157708827
91.49999999999908,63438.33975917966,933.4589904151296,46.56423254199976
91.59999999999907,63531.63662497117,932.4783254151296,46.51531350691125
91.69999999999906,63624.83542426269,931.4976604151295,46.46639447182274
91.79999999999906,63717.9361570542,930.5169954151295,46.41747543673423
91.89999999999905,63810.938823345714,929.5363304151294,46.36855640164572
91.99999999999905,63903.84342313723,928.5556654151294,46.31963736655721
92.09999999999904,63996.649956428744,927.5750004151294,46.2707183314687
92.19999999999904,64089.358423220256,926.5943354151293,46.22179929638019
92.29999999999903,64181.96882351177,925.6136704151293,46.17288026129168
92.39999999999903,64274.481157303286,924.6330054151292,46.12396122620317
92.49999999999902,64366.8954245948,923.6523404151292,46.07504219111466
92.59999999999901,64459.21162538631,922.6716754151291,46.02612315602615
92.69999999999901,64551.42975967783,921.6910104151291,45.97720412093764
92.799999999999,64643.54982746934,920.710345415129,45.92828508584913
92.899999999999,64735.571828760854,919.729680415129,45.87936605076062
92.99999999999899,64827.49576355237,918.749015415129,45.830447015672114
93.09999999999899,64919.32163184388,917.7683504151289,45.781527980583604
93.19999999999898,65011.049433635395,916.7876854151289,45.732608945495095
93.29999999999897,65102.67916892691,915.8070204151288,45.683689910406585
93.39999999999897,65194.21083771842,914.8263554151288,45.634770875318075
93.49999999999896,65285.644440009935,913.8456904151287,45.585851840229566
93.59999999999896,65376.97997580145,912.8650254151287,45.536932805141056
93.69999999999895,65468.21744509296,911.8843604151286,45.48801377005255
93.79999999999895,65559.35684788447,910.9036954151286,45.43909473496404
93.89999999999894,65650.39818417598,909.9230304151286,45.39017569987553
93.99999999999893,65741.3414539675,908.9423654151285,45.34125666478702
94.09999999999893,65832.18665725901,907.9617004151285,45.29233762969851
94.19999999999892,65922.93379405052,906.9810354151284,45.24341859461
94.29999999999892,66013.58286434204,906.0003704151284,45.194499559521496
94.39999999999891,66104.13386813355,905.0197054151283,45.14558052443299
94.4999999999989,66194.58680542506,904.0390404151283,45.09666148934448
94.5999999999989,66284.94167621658,903.0583754151282,45.04774245425597
94.6999999999989,66375.19848050809,902.0777104151282,44.99882341916746
94.79999999999889,66465.3572182996,901.0970454151282,44.94990438407895
94.89999999999888,66555.41788959112,900.1163804151281,44.90098534899044
94.99999999999888,66645.38049438263,899.1357154151281,44.85206631390193
95.09999999999887,66735.24503267414,898.155050415128,44.80314727881342
95.19999999999887,66825.01150446566,897.174385415128,44.75422824372491
95.29999999999886,66914.67990975716,896.1937204151279,44.7053092086364
95.39999999999885,67004.25024854868,895.2130554151279,44.65639017354789
95.49999999999885,67093.7225208402,894.2323904151278,44.60747113845938
95.59999999999884,67183.0967266317,893.2517254151278,44.55855210337087
95.69999999999884,67272.37286592321,892.2710604151277,44.50963306828236
95.79999999999883,67361.55093871473,891.2903954151277,44.46071403319385
95.89999999999883,67450.63094500624,890.3097304151277,44.41179499810534
95.99999999999882,67539.61288479775,889.3290654151276,44.36287596301683
96.09999999999881,67628.49675808927,888.3484004151276,44.313956927928324
96.19999999999881,67717.28256488078,887.3677354151275,44.265037892839814
96.2999999999988,67805.97030517229,886.3870704151275,44.216118857751304
96.3999999999988,67894.5599789638,885.4064054151274,44.167199822662795
96.49999999999879,67983.05158625531,884.4257404151274,44.118280787574285
96.59999999999879,68071.44512704683,883.4450754151273,44.069361752485776
96.69999999999878,68159.74060133834,882.4644104151273,44.020442717397266
96.79999999999878,68247.93800912985,881.4837454151273,43.97152368230876
96.89999999999877,68336.03735042136,880.5030804151272,43.92260464722025
96.99999999999876,68424.03862521288,879.5224154151272,43.87368561213174
97.09999999999876,68511.94183350439,878.5417504151271,43.82476657704323
97.19999999999875,68599.7469752959,877.5610854151271,43.77584754195472
97.29999999999875,68687.45405058742,876.580420415127,43.72692850686621
97.39999999999874,68775.06305937892,875.599755415127,43.6780094717777
97.49999999999874,68862.57400167044,874.619090415127,43.62909043668919
97.59999999999873,68949.98687746195,873.6384254151269,43.58017140160069
97.69999999999872,69037.30168675346,872.6577604151269,43.53125236651218
97.79999999999872,69124.51842954497,871.6770954151268,43.48233333142367
97.89999999999871,69211.63710583649,870.6964304151268,43.43341429633516
97.9999999999987,69298.657715628,869.7157654151267,43.38449526124665
98.0999999999987,69385.58025891951,868.7351004151267,43.33557622615814
98.1999999999987,69472.40473571102,867.7544354151266,43.28665719106963
98.29999999999869,69559.13114600253,866.7737704151266,43.23773815598112
98.39999999999868,69645.75948979404,865.7931054151265,43.18881912089261
98.49999999999868,69732.28976708556,864.8124404151265,43.1399000858041
98.59999999999867,69818.72197787707,863.8317754151265,43.09098105071559
98.69999999999867,69905.05612216858,862.8511104151264,43.04206201562708
98.79999999999866,69991.2921999601,861.8704454151264,42.99314298053857
98.89999999999866,70077.4302112516,860.8897804151263,42.94422394545006
98.99999999999865,70163.47015604311,859.9091154151263,42.89530491036155
99.09999999999864,70249.41203433463,858.9284504151262,42.84638587527304
99.19999999999864,70335.25584612614,857.9477854151262,42.79746684018453
99.29999999999863,70421.00159141765,856.9671204151261,42.748547805096024
99.39999999999863,70506.64927020916,855.9864554151261,42.699628770007514
99.49999999999862,70592.19888250067,855.0057904151261,42.650709734919005
99.59999999999862,70677.65042829218,854.025125415126,42.601790699830495
99.69999999999861,70763.0039075837,853.044460415126,42.552871664741986
99.7999999999986,70848.2593203752,852.0637954151259,42.503952629653476
99.8999999999986,70933.41666666672,851.0831304151259,42.455033594564966
99.9999999999986,71018.47594645823,850.1024654151258,42.40611455947646
100.09999999999859,71103.43715974974,849.1218004151258,42.35719552438795
100.19999999999858,71188.30030654125,848.1411354151257,42.30827648929944
100.29999999999858,71273.06538683276,847.1604704151257,42.25935745421093
100.39999999999857,71357.73240062427,846.1798054151257,42.21043841912242
100.49999999999856,71442.30134791578,845.1991404151256,42.16151938403391
100.59999999999856,71526.7722287073,844.2184754151256,42.1126003489454
100.69999999999855,71611.1450429988,843.2378104151255,42.06368131385689
100.79999999999855,71695.41979079031,842.2571454151255,42.01476227876838
100.89999999999854,71779.59647208183,841.2764804151254,41.96584324367987
100.99999999999854,71863.67508687334,840.2958154151254,41.91692420859137
101.09999999999853,71947.65563516485,839.3151504151253,41.86800517350286
101.19999999999852,72031.53811695636,838.3344854151253,41.81908613841435
101.29999999999852,72115.32253224787,837.3538204151253,41.77016710332584
101.39999999999851,72199.00888103938,836.3731554151252,41.72124806823733
101.49999999999851,72282.5971633309,835.3924904151252,41.67232903314882
101.5999999999985,72366.0873791224,834.4118254151251,41.62340999806031
101.6999999999985,72449.47952841391,833.4311604151251,41.5744909629718
101.79999999999849,72532.77361120543,832.450495415125,41.52557192788329
101.89999999999849,72615.96962749693,831.469830415125,41.47665289279478
101.99999999999848,72699.06757728844,830.489165415125,41.42773385770627
102.09999999999847,72782.06746057996,829.5085004151249,41.37881482261776
102.19999999999847,72864.96927737146,828.5278354151249,41.32989578752925
102.29999999999846,72947.77302766297,827.5471704151248,41.28097675244074
102.39999999999846,73030.47871145449,826.5665054151248,41.232057717352234
102.49999999999845,73113.086328746,825.5858404151247,41.183138682263724
102.59999999999845,73195.5958795375,824.6051754151247,41.134219647175215
102.69999999999844,73278.00736382902,823.6245104151246,41.085300612086705
102.79999999999843,73360.32078162052,822.6438454151246,41.036381576998195
102.89999999999843,73442.53613291204,821.6631804151245,40.987462541909686
102.99999999999842,73524.65341770355,820.6825154151245,40.938543506821176
103.09999999999842,73606.67263599506,819.7018504151245,40.88962447173267
103.19999999999841,73688.59378778657,818.7211854151244,40.84070543664416
103.2999999999984,73770.41687307808,817.7405204151244,40.79178640155565
103.3999999999984,73852.1418918696,816.7598554151243,40.74286736646714
103.4999999999984,73933.76884416111,815.7791904151243,40.69394833137863
103.59999999999839,74015.29772995262,814.7985254151242,40.64502929629012
103.69999999999838,74096.72854924414,813.8178604151242,40.59611026120161
103.79999999999838,74178.06130203565,812.8371954151241,40.5471912261131
103.89999999999837,74259.29598832717,811.8565304151241,40.49827219102459
103.99999999999837,74340.43260811869,810.875865415124,40.44935315593608
104.09999999999836,74421.4711614102,809.895200415124,40.40043412084757
104.19999999999835,74502.41164820171,808.914535415124,40.35151508575906
104.29999999999835,74583.25406849323,807.9338704151239,40.30259605067056
104.39999999999834,74663.99842228474,806.9532054151239,40.25367701558205
104.49999999999834,74744.64470957626,805.9725404151238,40.20475798049354
104.59999999999833,74825.19293036778,804.9918754151238,40.15583894540503
104.69999999999833,74905.64308465928,804.0112104151237,40.10691991031652
104.79999999999832,74985.9951724508,803.0305454151237,40.05800087522801
104.89999999999831,75066.24919374232,802.0498804151237,40.0090818401395
104.99999999999831,75146.40514853383,801.0692154151236,39.96016280505099
105.0999999999983,75226.46303682534,800.0885504151236,39.91124376996248
105.1999999999983,75306.42285861686,799.1078854151235,39.86232473487397
105.29999999999829,75386.28461390837,798.1272204151235,39.81340569978546
105.39999999999829,75466.04830269988,797.1465554151234,39.76448666469695
105.49999999999828,75545.7139249914,796.1658904151234,39.715567629608444
105.59999999999827,75625.28148078291,795.1852254151233,39.666648594519934
105.69999999999827,75704.75097007443,794.2045604151233,39.617729559431424
105.79999999999826,75784.12239286595,793.2238954151233,39.568810524342915
105.89999999999826,75863.39574915745,792.2432304151232,39.519891489254405
105.99999999999825,75942.57103894897,791.2625654151232,39.470972454165896
106.09999999999825,76021.64826224049,790.2819004151231,39.422053419077386
106.19999999999824,76100.627419032,789.3012354151231,39.37313438398888
106.29999999999824,76179.50850932351,788.320570415123,39.32421534890037
106.39999999999823,76258.29153311503,787.339905415123,39.27529631381186
106.49999999999822,76336.97649040654,786.3592404151229,39.22637727872335
106.59999999999822,76415.56338119805,785.3785754151229,39.17745824363484
106.69999999999821,76494.05220548957,784.3979104151229,39.12853920854633
106.7999999999982,76572.44296328108,783.4172454151228,39.07962017345782
106.8999999999982,76650.73565457259,782.4365804151228,39.03070113836931
106.9999999999982,76728.93027936411,781.4559154151227,38.9817821032808
107.09999999999819,76807.02683765562,780.4752504151227,38.93286306819229
107.19999999999818,76885.02532944713,779.4945854151226,38.88394403310378
107.29999999999818,76962.92575473865,778.5139204151226,38.83502499801527
107.39999999999817,77040.72811353016,777.5332554151225,38.78610596292676
107.49999999999817,77118.43240582167,776.5525904151225,38.73718692783825
107.59999999999816,77196.03863161319,775.5719254151225,38.68826789274974
107.69999999999816,77273.5467909047,774.5912604151224,38.63934885766124
107.79999999999815,77350.95688369621,773.6105954151224,38.59042982257273
107.89999999999814,77428.26890998773,772.6299304151223,38.54151078748422
107.99999999999814,77505.48286977924,771.6492654151223,38.49259175239571
108.09999999999813,77582.59876307075,770.6686004151222,38.4436727173072
108.19999999999813,77659.61658986227,769.6879354151222,38.39475368221869
108.29999999999812,77736.53635015378,768.7072704151221,38.34583464713018
108.39999999999812,77813.35804394529,767.7266054151221,38.29691561204167
108.49999999999811,77890.08167123681,766.745940415122,38.24799657695316
108.5999999999981,77966.70723202832,765.765275415122,38.19907754186465
108.6999999999981,78043.23472631983,764.784610415122,38.150158506776144
108.7999999999981,78119.66415411135,763.8039454151219,38.101239471687634
108.89999999999809,78195.99551540286,762.8232804151219,38.052320436599125
108.99999999999808,78272.22881019437,761.8426154151218,38.003401401510615
109.09999999999808,78348.36403848589,760.8619504151218,37.954482366422106
109.19999999999807,78424.4012002774,759.8812854151217,37.905563331333596
109.29999999999806,78500.34029556891,758.9006204151217,37.856644296245086
109.39999999999806,78576.18132436043,757.9199554151216,37.80772526115658
109.49999999999805,78651.92428665193,756.9392904151216,37.75880622606807
109.59999999999805,78727.56918244345,755.9586254151216,37.70988719097956
109.69999999999804,78803.11601173496,754.9779604151215,37.66096815589105
109.79999999999804,78878.56477452647,753.9972954151215,37.61204912080254
109.89999999999803,78953.91547081798,753.0166304151214,37.56313008571403
109.99999999999802,79029.1681006095,752.0359654151214,37.51421105062552
110.09999999999802,79104.32266390101,751.0553004151213,37.46529201553701
110.19999999999801,79179.37916069252,750.0746354151213,37.4163729804485
110.29999999999801,79254.33759098404,749.0939704151212,37.36745394535999
110.399999999998,79329.19795477555,748.1133054151212,37.31853491027148
110.499999999998,79403.96025206706,747.1326404151212,37.26961587518297
110.59999999999799,79478.62448285858,746.1519754151211,37.22069684009446
110.69999999999798,79553.19064715008,745.1713104151211,37.17177780500595
110.79999999999798,79627.6587449416,744.190645415121,37.12285876991744
110.89999999999797,79702.02877623311,743.209980415121,37.07393973482893
110.99999999999797,79776.30074102462,742.2293154151209,37.02502069974042
111.09999999999796,79850.47463931613,741.2486504151209,36.97610166465192
111.19999999999796,79924.55047110765,740.2679854151208,36.92718262956341
111.29999999999795,79998.52823639916,739.2873204151208,36.8782635944749
111.39999999999795,80072.40793519067,738.3066554151208,36.82934455938639
111.49999999999794,80146.18956748219,737.3259904151207,36.78042552429788
111.59999999999793,80219.8731332737,736.3453254151207,36.73150648920937
111.69999999999793,80293.4586325652,735.3646604151206,36.68258745412086
111.79999999999792,80366.94606535672,734.3839954151206,36.633668419032354
111.89999999999792,80440.33543164823,733.4033304151205,36.584749383943844
111.99999999999791,80513.62673143974,732.4226654151205,36.535830348855335
112.0999999999979,80586.81996473126,731.4420004151204,36.486911313766825
112.1999999999979,80659.91513152276,730.4613354151204,36.437992278678315
112.2999999999979,80732.91223181428,729.4806704151204,36.389073243589806
112.39999999999789,80805.8112656058,728.5000054151203,36.340154208501296
112.49999999999788,80878.6122328973,727.5193404151203,36.29123517341279
112.59999999999788,80951.31513368881,726.5386754151202,36.24231613832428
112.69999999999787,81023.91996798033,725.5580104151202,36.19339710323577
112.79999999999787,81096.42673577183,724.5773454151201,36.14447806814726
112.89999999999786,81168.83543706335,723.5966804151201,36.09555903305875
112.99999999999785,81241.14607185486,722.61601541512,36.04663999797024
113.09999999999785,81313.35864014637,721.63535041512,35.99772096288173
113.19999999999784,81385.47314193788,720.65468541512,35.94880192779322
113.29999999999784,81457.4895772294,719.6740204151199,35.89988289270471
113.39999999999783,81529.4079460209,718.6933554151199,35.8509638576162
113.49999999999783,81601.22824831241,717.7126904151198,35.80204482252769
113.59999999999782,81672.95048410393,716.7320254151198,35.75312578743918
113.69999999999781,81744.57465339544,715.7513604151197,35.70420675235067
113.79999999999781,81816.10075618695,714.7706954151197,35.65528771726216
113.8999999999978,81887.52879247846,713.7900304151196,35.60636868217365
113.9999999999978,81958.85876226997,712.8093654151196,35.55744964708514
114.09999999999779,82030.09066556148,711.8287004151196,35.50853061199663
114.19999999999779,82101.224502353,710.8480354151195,35.459611576908124
114.29999999999778,82172.2602726445,709.8673704151195,35.410692541819614
114.39999999999777,82243.19797643601,708.8867054151194,35.36177350673111
114.49999999999777,82314.03761372753,707.9060404151194,35.3128544716426
114.59999999999776,82384.77918451904,706.9253754151193,35.26393543655409
114.69999999999776,82455.42268881055,705.9447104151193,35.21501640146558
114.79999999999775,82525.96812660206,704.9640454151192,35.16609736637707
114.89999999999775,82596.41549789357,703.9833804151192,35.117178331288564
114.99999999999774,82666.76480268508,703.0027154151192,35.068259296200054
115.09999999999773,82737.0160409766,702.0220504151191,35.019340261111545
115.19999999999773,82807.1692127681,701.0413854151191,34.970421226023035
115.29999999999772,82877.22431805961,700.060720415119,34.921502190934525
115.39999999999772,82947.18135685113,699.080055415119,34.872583155846016
115.49999999999771,83017.04032914263,698.0993904151189,34.823664120757506
115.5999999999977,83086.80123493414,697.1187254151189,34.774745085669
115.6999999999977,83156.46407422566,696.1380604151188,34.72582605058049
115.7999999999977,83226.02884701717,695.1573954151188,34.67690701549198
115.89999999999769,83295.49555330868,694.1767304151188,34.62798798040347
115.99999999999768,83364.86419310019,693.1960654151187,34.57906894531496
116.09999999999768,83434.1347663917,692.2154004151187,34.53014991022645
116.19999999999767,83503.3072731832,691.2347354151186,34.48123087513794
116.29999999999767,83572.38171347472,690.2540704151186,34.43231184004943
116.39999999999766,83641.35808726623,689.2734054151185,34.38339280496092
116.49999999999766,83710.23639455774,688.2927404151185,34.33447376987241
116.59999999999765,83779.01663534925,687.3120754151184,34.2855547347839
116.69999999999764,83847.69880964076,686.3314104151184,34.23663569969539
116.79999999999764,83916.28291743227,685.3507454151184,34.18771666460688
116.89999999999763,83984.76895872378,684.3700804151183,34.13879762951837
116.99999999999763,84053.15693351529,683.3894154151183,34.08987859442986
117.09999999999762,84121.4468418068,682.4087504151182,34.04095955934135
117.19999999999762,84189.63868359831,681.4280854151182,33.99204052425284
117.29999999999761,84257.73245888982,680.4474204151181,33.943121489164334
117.3999999999976,84325.72816768133,679.4667554151181,33.894202454075824
117.4999999999976,84393.62580997284,678.486090415118,33.845283418987314
117.59999999999759,84461.42538576435,677.505425415118,33.796364383898805
117.69999999999759,84529.12689505586,676.524760415118,33.747445348810295
117.79999999999758,84596.73033784737,675.5440954151179,33.69852631372179
117.89999999999758,84664.23571413888,674.5634304151179,33.64960727863328
117.99999999999757,84731.64302393039,673.5827654151178,33.600688243544774
118.09999999999756,84798.9522672219,672.6021004151178,33.551769208456264
118.19999999999756,84866.16344401341,671.6214354151177,33.502850173367754
118.29999999999755,84933.27655430492,670.6407704151177,33.453931138279245
118.39999999999755,85000.29159809643,669.6601054151176,33.405012103190735
118.49999999999754,85067.20857538794,668.6794404151176,33.356093068102226
118.59999999999754,85134.02748617945,667.6987754151176,33.307174033013716
118.69999999999753,85200.74833047096,666.7181104151175,33.25825499792521
118.79999999999752,85267.37110826246,665.7374454151175,33.2093359628367
118.89999999999752,85333.89581955397,664.7567804151174,33.16041692774819
118.99999999999751,85400.32246434549,663.7761154151174,33.11149789265968
119.09999999999751,85466.651042637,662.7954504151173,33.06257885757117
119.1999999999975,85532.8815544285,661.8147854151173,33.01365982248266
119.2999999999975,85599.01399972002,660.8341204151172,32.96474078739415
119.39999999999749,85665.04837851154,659.8534554151172,32.91582175230564
119.49999999999748,85730.98469080304,658.8727904151172,32.86690271721713
119.59999999999748,85796.82293659456,657.8921254151171,32.81798368212862
119.69999999999747,85862.56311588608,656.9114604151171,32.76906464704011
119.79999999999747,85928.20522867759,655.930795415117,32.7201456119516
119.89999999999746,85993.7492749691,654.950130415117,32.67122657686309
119.99999999999746,86059.19525476062,653.9694654151169,32.62230754177458
